{"spot_diameter_fullres": 54.91093255788403, "tissue_hires_scalef": 0.29411766, "fiducial_diameter_fullres": 88.70227567042805, "tissue_lowres_scalef": 0.0882353}