{"spot_diameter_fullres": 54.868817480326996, "tissue_hires_scalef": 0.29784065, "fiducial_diameter_fullres": 88.63424362206668, "tissue_lowres_scalef": 0.0893522}