{"spot_diameter_fullres": 54.86439829810847, "tissue_hires_scalef": 0.29784065, "fiducial_diameter_fullres": 88.62710494309829, "tissue_lowres_scalef": 0.0893522}