{"spot_diameter_fullres": 54.879879486468226, "tissue_hires_scalef": 0.28579593, "fiducial_diameter_fullres": 88.65211301660251, "tissue_lowres_scalef": 0.085738786}