{"spot_diameter_fullres": 54.90967437225785, "tissue_hires_scalef": 0.28129396, "fiducial_diameter_fullres": 88.7002432167242, "tissue_lowres_scalef": 0.08438819}