{"spot_diameter_fullres": 54.860513883032645, "tissue_hires_scalef": 0.2916302, "fiducial_diameter_fullres": 88.62083011874505, "tissue_lowres_scalef": 0.08748906}