{"spot_diameter_fullres": 54.87066560029718, "tissue_hires_scalef": 0.2909514, "fiducial_diameter_fullres": 88.6372290466339, "tissue_lowres_scalef": 0.08728542}