{"spot_diameter_fullres": 54.8953904912154, "tissue_hires_scalef": 0.29784065, "fiducial_diameter_fullres": 88.67716925504027, "tissue_lowres_scalef": 0.0893522}