{"spot_diameter_fullres": 54.8680090673806, "tissue_hires_scalef": 0.2891427, "fiducial_diameter_fullres": 88.6329377242302, "tissue_lowres_scalef": 0.08674281}