{"spot_diameter_fullres": 54.8836876322108, "tissue_hires_scalef": 0.2859594, "fiducial_diameter_fullres": 88.65826463664821, "tissue_lowres_scalef": 0.08578782}